MJD,m,dm,uJy,duJy,F,err,chi/N,RA,Dec,x,y,maj,min,phi,apfit,mag5sig,Sky,Obs
59323.590392,-20.615,0.761,-21,16,o,0,0.93,317.31799,5.82615,9259.35,8112.45,2.27,2.03,30.6,-0.433,19.37,20.31,02a59323o0765o
59323.5932,21.21,1.175,12,14,o,0,1.16,317.31799,5.82615,9282.41,8151.57,2.26,2.09,-55.7,-0.441,19.42,20.35,02a59323o0771o
59323.601476,23.311,9.5,2,16,o,0,0.83,317.31799,5.82615,9219.08,8072.73,2.29,2.13,33.1,-0.431,19.37,20.37,02a59323o0789o
59323.614306,-22.68,4.875,-3,15,o,0,0.9,317.31799,5.82615,9207.17,8189.73,2.3,2.19,-50.2,-0.433,19.43,20.43,02a59323o0815o
59326.579121,-22.144,2.775,-5,14,o,0,1.15,317.31799,5.82615,9262.89,8111.9,2.23,2.15,33.0,-0.433,19.41,20.42,02a59326o0752o
59326.5819,-20.336,0.579,-27,15,o,0,0.84,317.31799,5.82615,9281.59,8150.38,2.23,2.11,38.5,-0.433,19.4,20.42,02a59326o0758o
59326.592048,-22.176,3.317,-5,16,o,0,0.78,317.31799,5.82615,9221.11,8071.1,2.2,2.09,42.0,-0.433,19.43,20.47,02a59326o0780o
59326.604643,21.889,2.346,6,15,o,0,0.71,317.31799,5.82615,9197.09,8187.89,2.4,2.02,32.1,-0.427,19.4,20.54,02a59326o0807o
59329.606419,19.671,0.461,49,23,o,0,0.82,317.31799,5.82615,9516.17,576.72,2.45,2.2,-67.3,-0.389,18.9,19.56,01a59329o0805o
59329.609203,-19.828,0.468,-43,20,o,0,1.02,317.31799,5.82615,9495.56,536.68,2.36,2.09,-71.6,-0.394,18.94,19.62,01a59329o0811o
59329.61613,20.997,1.595,14,23,o,0,0.57,317.31799,5.82615,9551.62,613.3,2.49,2.18,-68.9,-0.395,19.02,19.8,01a59329o0825o
59329.62276,-21.855,2.695,-7,18,o,0,0.84,317.31799,5.82615,9576.29,496.44,2.43,2.16,-67.2,-0.396,19.12,19.84,01a59329o0838o
59332.565867,20.068,0.659,34,22,o,0,0.91,317.31799,5.82615,9523.25,586.45,2.38,2.24,-31.5,-0.37,18.8,18.99,01a59332o0644o
59332.571873,-20.181,0.622,-31,19,o,0,1.37,317.31799,5.82615,9501.61,544.55,2.32,2.09,-62.8,-0.388,18.85,19.04,01a59332o0657o
59332.574649,-22.371,5.45,-4,22,o,0,1.06,317.31799,5.82615,9561.75,623.69,2.34,2.11,-36.9,-0.372,18.86,19.08,01a59332o0663o
59332.586188,-20.359,0.827,-26,22,o,0,1.14,317.31799,5.82615,9582.19,502.94,2.23,1.99,-59.3,-0.378,18.96,19.17,01a59332o0688o
59334.596746,-21.671,2.352,-8,18,o,0,1.18,317.31799,5.82615,9085.65,4231.85,2.25,1.97,33.0,-0.414,18.88,19.49,02a59334o0676o
59334.615553,-21.069,1.418,-14,19,o,0,0.93,317.31799,5.82615,9103.46,4270.67,2.27,2.01,33.1,-0.404,18.95,19.54,02a59334o0716o
59334.621093,22.823,7.269,3,20,o,0,1.03,317.31799,5.82615,9046.62,4193.48,2.11,1.98,32.3,-0.417,18.9,19.39,02a59334o0728o
59334.627069,-19.688,0.606,-48,29,o,0,0.95,317.31799,5.82615,9024.45,4310.91,2.19,1.99,33.4,-0.416,18.53,18.91,02a59334o0740o
59336.602629,21.046,1.351,14,19,o,0,1.11,317.31799,5.82615,1201.73,486.75,2.67,2.38,59.9,-0.483,18.99,19.77,01a59336o0812o
59336.608617,21.417,2.049,10,20,o,0,0.98,317.31799,5.82615,1181.01,447.41,2.46,2.22,57.8,-0.471,19.08,19.78,01a59336o0825o
59336.612795,21.783,3.154,7,22,o,0,0.88,317.31799,5.82615,1241.68,527.16,2.62,2.38,55.2,-0.454,18.99,19.75,01a59336o0834o
59336.623894,-19.307,0.491,-69,34,o,0,0.88,317.31799,5.82615,1260.15,408.32,2.77,2.65,52.8,-0.452,18.44,18.79,01a59336o0856o
59344.587908,19.155,0.126,79,10,o,0,0.96,317.31799,5.82615,7724.18,4572.15,2.05,1.9,-71.1,-0.418,19.75,20.83,01a59344o0777o
59344.604875,19.41,0.138,62,9,o,0,1.18,317.31799,5.82615,7706.16,4531.81,2.02,1.94,-45.1,-0.412,19.74,20.87,01a59344o0813o
59344.614696,19.663,0.241,50,12,o,0,0.89,317.31799,5.82615,7764.43,4608.55,2.1,2.05,-40.2,-0.399,19.62,20.66,01a59344o0834o
59344.621018,19.107,0.179,83,15,o,0,1.68,317.31799,5.82615,7784.73,4491.19,2.45,2.17,-6.8,-0.387,19.17,19.84,01a59344o0847o
59345.597774,19.195,0.143,76,11,o,0,1.41,317.31799,5.82615,7721.91,4565.99,2.11,2.05,-52.5,-0.41,19.53,20.41,01a59345o0767o
59345.610385,19.385,0.157,64,10,o,0,1.25,317.31799,5.82615,7703.46,4523.64,2.12,2.02,-63.4,-0.407,19.54,20.43,01a59345o0790o
59345.616099,19.446,0.212,60,13,o,0,1.02,317.31799,5.82615,7762.4,4601.76,2.2,2.09,-62.0,-0.404,19.4,20.16,01a59345o0802o
59345.619496,19.044,0.211,88,18,o,0,0.66,317.31799,5.82615,7781.65,4485.66,2.26,2.13,-72.5,-0.392,19.19,19.76,01a59345o0808o
59348.573324,18.917,0.099,98,10,o,0,1.25,317.31799,5.82615,7724.65,4574.04,2.15,1.9,-79.3,-0.426,19.66,20.71,01a59348o0724o
59348.576562,18.835,0.089,106,10,o,0,1.62,317.31799,5.82615,7707.02,4534.97,2.09,1.89,-74.4,-0.43,19.7,20.72,01a59348o0731o
59348.582561,19.143,0.103,80,8,o,0,0.9,317.31799,5.82615,7766.44,4612.02,1.97,1.86,-66.4,-0.447,19.76,20.77,01a59348o0744o
59348.60239,18.903,0.111,100,11,o,0,0.55,317.31799,5.82615,7788.51,4494.53,2.03,1.87,-73.3,-0.427,19.77,20.89,01a59348o0787o
59354.589058,18.694,0.079,121,10,c,0,1.08,317.31799,5.82615,3891.54,1520.88,2.34,2.24,71.2,-0.415,19.71,21.55,02a59354o0742c
59354.596499,18.492,0.072,146,10,c,0,0.87,317.31799,5.82615,3913.45,1558.76,2.32,2.28,61.3,-0.411,19.68,21.54,02a59354o0758c
59354.612682,18.584,0.082,134,11,c,0,0.67,317.31799,5.82615,3858.1,1481.38,2.33,2.3,77.1,-0.41,19.57,21.08,02a59354o0793c
59358.520533,19.024,0.226,89,20,o,0,1.2,317.31799,5.82615,3883.58,1524.04,1.92,1.81,44.5,-0.457,18.89,19.41,02a59358o0564o
59358.526036,19.243,0.281,73,20,o,0,1.14,317.31799,5.82615,3902.7,1562.44,1.9,1.83,40.4,-0.459,18.93,19.47,02a59358o0576o
59358.528812,18.828,0.184,107,20,o,0,1.13,317.31799,5.82615,3844.77,1484.35,1.91,1.83,52.2,-0.461,18.97,19.49,02a59358o0582o
59358.539816,18.977,0.188,93,18,o,0,1.0,317.31799,5.82615,3825.45,1600.78,1.97,1.84,42.1,-0.459,18.99,19.57,02a59358o0606o
59360.561055,18.977,0.236,93,22,o,0,1.61,317.31799,5.82615,3256.86,2352.07,2.06,2.04,69.5,-0.398,18.67,18.79,01a59360o0564o
59360.563835,19.057,0.242,86,21,o,0,1.43,317.31799,5.82615,3235.98,2313.5,1.96,1.9,-89.5,-0.413,18.7,18.79,01a59360o0570o
59360.569826,18.619,0.133,130,17,o,0,1.53,317.31799,5.82615,3294.62,2391.76,1.91,1.84,83.5,-0.415,18.76,18.81,01a59360o0583o
59360.580079,18.681,0.156,122,19,o,0,1.83,317.31799,5.82615,3313.88,2275.5,1.9,1.85,73.7,-0.414,18.76,18.86,01a59360o0605o
59362.55049,19.008,0.271,90,25,o,0,1.13,317.31799,5.82615,900.04,6074.13,2.02,1.88,-3.6,-0.431,18.69,19.09,02a59362o0683o
59362.561669,18.668,0.2,124,25,o,0,1.13,317.31799,5.82615,914.27,6114.15,1.96,1.87,-9.1,-0.44,18.71,19.15,02a59362o0705o
59362.565797,19.07,0.282,86,24,o,0,0.89,317.31799,5.82615,858.24,6035.57,1.98,1.87,-6.4,-0.439,18.78,19.17,02a59362o0714o
59362.571292,19.153,0.348,79,28,o,0,0.93,317.31799,5.82615,837.03,6151.94,1.98,1.87,-0.3,-0.436,18.78,19.2,02a59362o0726o
59364.432032,18.992,0.401,92,37,o,0,1.18,317.31799,5.82615,3257.29,2347.38,2.66,2.31,77.1,-0.427,18.35,18.76,01a59364o0400o
59364.443142,18.806,0.278,109,30,o,0,1.38,317.31799,5.82615,3232.01,2307.41,2.45,2.28,67.9,-0.405,18.48,18.89,01a59364o0424o
59364.468627,19.37,0.417,65,27,o,0,0.69,317.31799,5.82615,3292.99,2384.83,2.25,2.11,79.0,-0.41,18.73,19.11,01a59364o0478o
59364.481649,19.847,0.468,42,20,o,0,1.44,317.31799,5.82615,3308.77,2271.31,2.27,2.08,71.8,-0.405,18.82,19.21,01a59364o0505o
59366.576925,19.252,0.208,72,15,o,0,0.96,317.31799,5.82615,906.88,6073.29,1.93,1.78,10.0,-0.457,19.29,20.0,02a59366o0630o
59366.580146,19.132,0.179,81,14,o,0,0.62,317.31799,5.82615,926.76,6112.24,2.0,1.85,10.6,-0.443,19.3,20.02,02a59366o0637o
59366.600403,19.147,0.19,80,15,o,0,0.7,317.31799,5.82615,869.65,6034.37,1.95,1.84,1.8,-0.445,19.37,20.18,02a59366o0679o
59366.608644,19.682,0.281,49,14,o,0,0.84,317.31799,5.82615,852.08,6150.39,1.94,1.85,-8.9,-0.442,19.38,20.15,02a59366o0697o
59368.583577,19.258,0.131,72,10,o,0,1.24,317.31799,5.82615,4367.42,8642.37,1.76,1.63,-40.3,-0.431,19.81,20.72,01a59368o0744o
59368.608419,19.489,0.141,58,8,o,0,1.63,317.31799,5.82615,4349.85,8603.62,1.91,1.89,-25.2,-0.423,19.58,20.47,01a59368o0797o
59368.612251,19.605,0.248,52,13,o,0,0.87,317.31799,5.82615,4406.68,8679.85,1.99,1.96,-36.2,-0.426,19.41,20.16,01a59368o0805o
59368.61566,19.617,0.286,52,15,o,0,1.05,317.31799,5.82615,6100.47,2016.0,2.07,1.95,-32.6,-0.41,19.22,19.63,01a59368o0812o
59370.520535,19.9,0.313,40,12,o,0,1.08,317.31799,5.82615,7398.96,10171.49,2.29,2.07,-47.7,-0.433,19.62,20.9,02a59370o0605o
59370.530627,19.323,0.209,68,14,o,0,0.69,317.31799,5.82615,7425.94,10209.83,2.44,2.3,-41.9,-0.416,19.5,20.86,02a59370o0627o
59370.537491,19.389,0.172,64,11,o,0,1.42,317.31799,5.82615,7366.07,10131.17,2.25,2.0,-57.5,-0.441,19.61,20.92,02a59370o0642o
59370.540695,19.232,0.15,74,11,o,0,0.95,317.31799,5.82615,7346.98,10249.28,2.2,1.98,-59.3,-0.437,19.63,20.9,02a59370o0649o
59370.567341,22.564,52.919,3,181,o,0,0.02,317.31799,5.82615,6080.45,41.45,2.0,1.83,-64.7,-0.443,19.67,21.01,02a59370o0706o
59371.579982,19.435,0.205,61,12,o,0,0.89,317.31799,5.82615,7411.87,10172.98,2.31,2.17,-72.1,-0.476,19.58,20.98,02a59371o0712o
59371.604381,19.592,0.217,53,12,o,0,1.03,317.31799,5.82615,3163.81,356.17,2.04,1.87,-70.6,-0.468,19.62,20.93,02a59371o0758o
59371.607518,19.709,0.272,48,13,o,0,0.67,317.31799,5.82615,3223.33,435.0,1.96,1.85,-79.8,-0.479,19.54,20.81,02a59371o0763o
59372.545721,19.493,0.141,58,8,c,0,1.02,317.31799,5.82615,4361.87,8639.8,2.27,2.12,-61.6,-0.392,19.87,21.62,01a59372o0663c
59372.54756,19.543,0.13,55,7,c,0,1.56,317.31799,5.82615,4340.85,8600.01,2.39,2.25,-27.9,-0.381,19.83,21.61,01a59372o0667c
59372.5577,19.545,0.173,55,10,c,0,0.65,317.31799,5.82615,4401.02,8678.73,2.28,2.15,-61.3,-0.385,19.88,21.64,01a59372o0689c
59372.567194,19.642,0.147,50,7,c,0,1.29,317.31799,5.82615,4422.74,8562.26,2.32,2.19,-53.1,-0.379,19.85,21.67,01a59372o0709c
59374.475963,19.43,0.188,61,12,o,0,1.53,317.31799,5.82615,7398.67,10167.89,2.36,2.26,30.4,-0.422,19.47,20.8,02a59374o0512o
59374.491256,19.774,0.308,45,14,o,0,1.13,317.31799,5.82615,7420.64,10211.13,2.58,2.16,-47.7,-0.414,19.49,20.78,02a59374o0544o
59374.503821,19.555,0.251,55,14,o,0,1.05,317.31799,5.82615,7364.15,10128.85,2.39,2.3,-22.6,-0.421,19.41,20.77,02a59374o0571o
59374.510763,19.436,0.217,61,13,o,0,0.94,317.31799,5.82615,7347.8,10247.79,2.73,2.4,-37.6,-0.41,19.4,20.8,02a59374o0586o
59374.550101,-21.1,16.973,-13,224,o,0,0.01,317.31799,5.82615,6078.4,40.67,2.25,2.1,-55.1,-0.44,19.49,20.97,02a59374o0670o
59376.538547,19.592,0.164,53,9,c,0,0.69,317.31799,5.82615,3429.17,6219.07,2.48,2.28,-11.1,-0.372,19.85,21.77,01a59376o0648c
59376.541786,19.849,0.209,42,9,c,0,0.69,317.31799,5.82615,3409.66,6180.47,2.7,2.36,-5.8,-0.36,19.81,21.78,01a59376o0655c
59376.544558,19.806,0.199,43,9,c,0,0.87,317.31799,5.82615,3467.4,6257.5,2.57,2.33,-11.0,-0.371,19.83,21.79,01a59376o0661c
59376.551935,19.662,0.192,50,10,c,0,0.77,317.31799,5.82615,3487.22,6141.53,2.4,2.32,-46.7,-0.38,19.85,21.82,01a59376o0677c
59380.495873,19.897,0.246,40,10,c,0,0.9,317.31799,5.82615,3430.96,6219.68,2.44,2.28,-71.0,-0.38,19.6,21.42,01a59380o0550c
59380.50142,19.658,0.193,50,10,c,0,0.87,317.31799,5.82615,3406.65,6181.78,2.52,2.38,-75.3,-0.373,19.7,21.63,01a59380o0562c
59380.503272,20.534,0.407,22,9,c,0,0.85,317.31799,5.82615,3468.53,6259.33,2.54,2.38,-78.0,-0.377,19.71,21.65,01a59380o0566c
59380.513428,20.117,0.206,33,7,c,0,1.55,317.31799,5.82615,3484.85,6142.58,2.41,2.3,-70.0,-0.377,19.82,21.7,01a59380o0588c
59382.483526,19.762,0.262,45,12,o,0,1.46,317.31799,5.82615,7224.58,6278.83,2.11,1.85,38.9,-0.435,19.53,20.57,02a59382o0522o
59382.49966,19.521,0.237,56,13,o,0,0.86,317.31799,5.82615,7250.17,6316.58,2.11,1.88,34.5,-0.438,19.56,20.66,02a59382o0557o
59382.501969,19.628,0.199,51,10,o,0,1.66,317.31799,5.82615,7189.31,6238.51,2.15,1.82,40.0,-0.44,19.61,20.63,02a59382o0562o
59382.509766,20.852,0.707,17,12,o,0,0.78,317.31799,5.82615,7170.87,6354.84,2.18,1.83,39.1,-0.438,19.55,20.64,02a59382o0579o
59384.497408,-20.603,2.484,-21,52,c,0,0.71,317.31799,5.82615,5685.21,2738.67,2.28,2.22,-23.2,-0.377,17.63,19.23,01a59384o0543c
59384.502945,18.177,0.796,195,155,c,0,1.44,317.31799,5.82615,5665.54,2700.59,2.34,2.23,-23.8,-0.378,16.52,18.15,01a59384o0555c
59384.525622,20.419,0.371,25,9,c,0,0.82,317.31799,5.82615,5722.94,2775.77,2.27,2.21,-27.2,-0.381,19.68,21.49,01a59384o0603c
59384.528856,-25.469,78.0,0,18,c,0,1.3,317.31799,5.82615,5742.28,2659.36,2.3,2.21,-40.3,-0.382,18.89,20.64,01a59384o0610c
59386.493037,19.429,0.226,61,14,o,0,1.48,317.31799,5.82615,3021.14,9878.32,2.17,1.82,-48.2,-0.456,19.28,20.07,02a59386o0488o
59386.499976,19.399,0.257,63,16,o,0,0.82,317.31799,5.82615,3046.12,9915.75,2.18,1.81,-49.2,-0.459,19.33,20.13,02a59386o0503o
59386.503218,19.643,0.339,50,17,o,0,0.81,317.31799,5.82615,2987.8,9837.8,2.12,1.82,-50.4,-0.463,19.31,20.14,02a59386o0510o
59386.515659,19.63,0.276,51,14,o,0,1.36,317.31799,5.82615,2966.77,9956.55,2.28,1.82,-50.4,-0.466,19.35,20.28,02a59386o0537o
59388.362929,19.677,0.547,49,27,o,0,1.1,317.31799,5.82615,5684.88,2739.02,2.24,1.94,-88.1,-0.388,18.42,18.59,01a59388o0265o
59388.366173,19.21,0.384,75,29,o,0,0.84,317.31799,5.82615,5661.85,2696.61,2.37,2.07,89.7,-0.373,18.41,18.64,01a59388o0272o
59388.37633,22.367,6.262,4,26,o,0,0.99,317.31799,5.82615,5719.36,2774.87,2.2,2.02,-85.3,-0.384,18.57,18.79,01a59388o0294o
59388.39092,18.867,0.219,103,23,o,0,1.37,317.31799,5.82615,5738.75,2659.94,2.13,2.05,-76.3,-0.396,18.56,18.73,01a59388o0325o
59390.451237,22.52,13.484,4,48,o,0,1.96,317.31799,5.82615,3029.28,9876.55,2.17,1.7,-48.6,-0.446,17.9,17.71,02a59390o0450o
59390.454921,-20.919,4.852,-16,76,o,0,0.97,317.31799,5.82615,3046.04,9914.82,2.16,1.71,-48.8,-0.466,17.75,17.49,02a59390o0458o
59390.458588,21.314,7.276,11,79,o,0,0.9,317.31799,5.82615,2987.36,9836.24,2.14,1.71,-49.7,-0.465,17.71,17.46,02a59390o0466o
59390.471518,20.95,3.956,15,60,o,0,1.12,317.31799,5.82615,2971.34,9954.3,2.1,1.68,-49.5,-0.481,18.03,17.88,02a59390o0492o
59396.542656,21.074,0.616,14,8,o,0,1.01,317.31799,5.82615,4761.8,5918.42,2.31,2.11,-10.1,-0.378,19.55,20.79,01a59396o0653o
59396.548481,20.777,0.543,18,10,o,0,1.15,317.31799,5.82615,4781.35,5955.18,2.57,2.14,-4.7,-0.377,19.48,20.8,01a59396o0665o
59396.552951,-22.115,1.642,-5,8,o,0,1.49,317.31799,5.82615,4724.37,5877.2,2.42,2.01,-2.8,-0.38,19.55,20.81,01a59396o0674o
59396.588331,24.005,13.429,1,12,o,0,0.75,317.31799,5.82615,4715.31,5985.48,2.94,2.07,0.7,-0.419,19.41,20.77,01a59396o0750o
59400.452268,20.057,0.309,34,11,o,0,0.93,317.31799,5.82615,5583.89,784.0,2.12,2.06,-25.7,-0.398,19.56,20.55,01a59400o0459o
59400.462408,20.796,0.475,17,8,o,0,1.3,317.31799,5.82615,5560.96,746.77,2.23,2.12,-27.6,-0.399,19.53,20.62,01a59400o0481o
59400.468899,21.41,1.122,10,11,o,0,1.17,317.31799,5.82615,5619.56,824.57,2.64,2.05,-1.3,-0.389,19.48,20.68,01a59400o0495o
59400.47305,21.541,1.394,9,12,o,0,0.97,317.31799,5.82615,5638.9,706.9,2.86,2.17,1.3,-0.375,19.42,20.7,01a59400o0504o
59402.493076,20.983,0.574,15,8,c,0,1.19,317.31799,5.82615,815.14,4138.09,2.33,2.24,-55.2,-0.417,19.78,21.67,02a59402o0541c
59402.494905,20.69,0.474,19,9,c,0,1.1,317.31799,5.82615,835.55,4177.08,2.38,2.25,-51.2,-0.413,19.75,21.67,02a59402o0545c
59402.500394,20.458,0.369,24,9,c,0,0.95,317.31799,5.82615,778.3,4099.33,2.38,2.2,-51.1,-0.414,19.75,21.66,02a59402o0557c
59402.525217,20.748,0.473,18,9,c,0,0.95,317.31799,5.82615,760.04,4215.25,2.54,2.41,-57.9,-0.403,19.69,21.63,02a59402o0610c
59404.428832,21.97,1.607,6,10,o,0,0.96,317.31799,5.82615,5590.49,785.79,1.87,1.77,-29.8,-0.423,19.73,20.69,01a59404o0407o
59404.437718,21.251,0.83,12,10,o,0,1.2,317.31799,5.82615,5564.49,746.59,1.85,1.81,-50.7,-0.426,19.74,20.69,01a59404o0426o
59404.440018,20.167,0.406,31,13,o,0,0.57,317.31799,5.82615,5626.83,824.95,1.89,1.74,-23.5,-0.422,19.75,20.71,01a59404o0431o
59404.455751,21.201,0.626,12,8,o,0,1.62,317.31799,5.82615,5641.54,707.22,1.91,1.82,-28.6,-0.42,19.68,20.64,01a59404o0465o
59406.476328,20.894,1.955,16,31,c,0,0.7,317.31799,5.82615,814.93,4136.58,2.26,2.2,-43.1,-0.419,18.41,20.08,02a59406o0502c
59406.47907,-20.565,1.379,-22,30,c,0,0.93,317.31799,5.82615,835.44,4177.67,2.31,2.17,-50.8,-0.418,18.44,20.11,02a59406o0508c
59406.482272,19.502,0.383,57,22,c,0,0.83,317.31799,5.82615,776.83,4099.76,2.31,2.19,-45.0,-0.413,18.86,20.57,02a59406o0515c
59406.488226,20.785,0.492,18,9,c,0,1.01,317.31799,5.82615,757.03,4214.23,2.37,2.25,-51.3,-0.411,19.65,21.57,02a59406o0528c
59408.470353,20.973,0.724,15,11,o,0,0.59,317.31799,5.82615,5885.33,6599.25,2.08,1.88,-4.5,-0.395,19.66,20.76,01a59408o0498o
59408.472194,21.757,1.202,7,9,o,0,1.24,317.31799,5.82615,5866.8,6561.75,2.04,1.94,-22.1,-0.397,19.64,20.76,01a59408o0502o
59408.474963,20.566,0.49,22,11,o,0,0.93,317.31799,5.82615,5925.37,6639.07,2.08,2.04,-26.4,-0.399,19.61,20.73,01a59408o0508o
59408.480951,20.903,0.713,16,11,o,0,0.81,317.31799,5.82615,5945.13,6523.46,1.96,1.88,-25.7,-0.397,19.67,20.72,01a59408o0521o
59412.406524,20.676,0.433,20,8,o,0,1.36,317.31799,5.82615,5882.6,6601.24,2.05,1.85,-73.9,-0.406,19.66,20.83,01a59412o0360o
59412.410241,20.544,0.389,22,9,o,0,1.28,317.31799,5.82615,5866.63,6565.64,1.9,1.8,-51.4,-0.402,19.71,20.88,01a59412o0368o
59412.415341,22.05,1.657,6,9,o,0,1.06,317.31799,5.82615,5925.38,6644.45,2.0,1.86,-66.1,-0.411,19.7,20.95,01a59412o0379o
59412.433481,21.182,0.692,12,8,o,0,1.14,317.31799,5.82615,5941.11,6524.71,1.94,1.8,-57.3,-0.403,19.82,21.17,01a59412o0418o
59414.434832,20.752,0.783,18,14,o,0,0.95,317.31799,5.82615,9182.2,6179.82,2.37,2.07,29.0,-0.417,19.32,20.24,02a59414o0413o
59414.438034,20.329,0.568,27,15,o,0,0.98,317.31799,5.82615,9201.93,6218.89,2.27,2.04,34.1,-0.423,19.35,20.25,02a59414o0420o
59414.455435,-23.479,8.923,-2,13,o,0,0.73,317.31799,5.82615,9146.43,6141.33,2.24,2.05,33.7,-0.428,19.42,20.35,02a59414o0458o
59414.466495,21.042,0.911,14,13,o,0,1.1,317.31799,5.82615,9128.9,6258.98,2.26,2.03,33.4,-0.425,19.42,20.39,02a59414o0482o
59415.482259,21.718,2.16,8,16,o,0,0.76,317.31799,5.82615,1406.74,4379.59,1.98,1.94,63.6,-0.465,19.26,19.96,02a59415o0500o
59415.505489,22.51,4.8,4,17,o,0,0.71,317.31799,5.82615,1383.83,4341.3,2.04,1.97,43.6,-0.457,19.32,20.15,02a59415o0544o
59415.508163,20.893,0.901,16,14,o,0,1.01,317.31799,5.82615,1443.76,4420.38,2.09,1.99,43.6,-0.453,19.27,20.18,02a59415o0549o
59415.513603,20.458,0.467,24,11,o,0,1.41,317.31799,5.82615,1465.92,4304.42,2.08,1.97,40.6,-0.459,19.33,20.26,02a59415o0558o
59416.442721,17.865,0.718,259,186,o,0,1.68,317.31799,5.82615,1293.21,2448.8,1.92,1.86,37.5,-0.422,16.81,16.77,01a59416o0451o
59416.445024,21.928,4.246,6,26,o,0,1.18,317.31799,5.82615,1273.09,2409.94,1.84,1.79,57.9,-0.417,18.31,18.4,01a59416o0456o
59416.450573,-19.261,1.545,-72,111,o,0,0.89,317.31799,5.82615,1331.88,2486.87,1.84,1.77,44.6,-0.431,17.09,16.68,01a59416o0468o
59416.457084,-18.941,0.928,-96,89,o,0,1.21,317.31799,5.82615,1351.5,2371.26,1.9,1.85,42.5,-0.42,17.44,17.2,01a59416o0482o
59424.473599,21.342,1.341,10,14,o,0,1.16,317.31799,5.82615,9053.7,4219.97,2.46,2.24,-6.5,-0.399,19.35,20.24,01a59424o0508o
59424.477281,21.103,1.123,13,15,o,0,1.24,317.31799,5.82615,9075.17,4258.45,2.44,2.38,-44.6,-0.392,19.25,20.17,01a59424o0516o
59424.500634,-21.315,1.398,-11,15,o,0,0.92,317.31799,5.82615,9021.12,4175.37,2.44,2.32,-26.3,-0.384,19.25,20.11,01a59424o0566o
59424.509396,20.802,0.814,17,14,o,0,1.15,317.31799,5.82615,9003.18,4291.91,2.25,2.17,-65.1,-0.403,19.3,20.04,01a59424o0585o
59426.468434,20.875,0.731,16,12,o,0,0.89,317.31799,5.82615,9599.58,2542.05,2.25,1.99,-54.6,-0.439,19.48,20.7,02a59426o0498o
59426.476133,22.033,2.681,6,15,o,0,0.56,317.31799,5.82615,9578.93,2503.27,2.31,2.07,-54.8,-0.434,19.42,20.64,02a59426o0514o
59426.479336,-20.985,1.017,-15,15,o,0,0.68,317.31799,5.82615,9635.22,2579.95,2.41,2.15,-59.6,-0.424,19.36,20.65,02a59426o0521o
59426.489342,20.252,0.438,29,13,o,0,0.97,317.31799,5.82615,9657.38,2466.32,2.34,2.03,-54.2,-0.439,19.44,20.66,02a59426o0542o
59428.473618,21.235,1.051,12,12,o,0,0.73,317.31799,5.82615,9060.26,4217.88,2.68,2.15,-4.6,-0.418,19.6,21.0,01a59428o0512o
59428.47686,21.441,1.298,10,12,o,0,0.74,317.31799,5.82615,9080.72,4256.71,2.49,2.26,-8.6,-0.401,19.62,21.01,01a59428o0519o
59428.486077,19.997,0.239,36,9,o,0,1.5,317.31799,5.82615,9022.49,4178.17,2.32,2.21,-20.4,-0.4,19.71,21.02,01a59428o0539o
59428.498738,-23.793,7.833,-1,9,o,0,1.32,317.31799,5.82615,9006.07,4292.55,2.17,2.03,-84.1,-0.415,19.76,21.05,01a59428o0566o
59429.44225,21.89,1.272,6,8,c,0,0.82,317.31799,5.82615,1483.78,6325.91,2.15,1.99,-78.6,-0.408,20.0,21.82,01a59429o0446c
59429.448753,-22.936,3.217,-2,8,c,0,1.13,317.31799,5.82615,9073.02,4266.81,2.49,2.28,-72.4,-0.413,19.95,21.81,01a59429o0459c
59429.47432,-23.226,4.294,-2,8,c,0,0.94,317.31799,5.82615,9019.3,4183.82,2.51,2.37,-71.3,-0.404,19.93,21.85,01a59429o0512c
59429.484503,20.464,0.332,24,8,c,0,1.41,317.31799,5.82615,9002.15,4298.1,2.37,2.35,-85.1,-0.405,19.95,21.82,01a59429o0532c
59430.58577,22.447,2.857,4,11,o,0,0.81,317.31799,5.82615,9584.63,2553.99,2.11,2.0,-43.9,-0.439,19.56,20.9,02a59430o0165o
59430.589428,20.49,0.538,23,12,o,0,0.73,317.31799,5.82615,9565.34,2515.85,2.14,1.99,-42.8,-0.44,19.53,20.88,02a59430o0173o
59430.598979,23.507,8.154,1,12,o,0,1.08,317.31799,5.82615,9623.48,2593.05,2.17,1.95,-46.1,-0.443,19.5,20.87,02a59430o0193o
59430.617354,-22.562,3.857,-3,13,o,0,0.85,317.31799,5.82615,9646.79,2475.46,2.31,1.98,-46.4,-0.439,19.4,20.62,02a59430o0231o
59430.626949,19.869,0.587,41,24,o,0,0.77,317.31799,5.82615,9606.29,2535.6,2.36,2.1,-46.7,-0.426,18.74,19.26,02a59430o0250o
59432.398645,22.949,3.5,2,8,c,0,0.95,317.31799,5.82615,7621.46,2632.6,2.66,2.5,-22.8,-0.373,19.84,21.91,01a59432o0360c
59432.401871,-20.888,0.476,-16,8,c,0,1.08,317.31799,5.82615,7602.22,2593.51,2.52,2.42,-48.8,-0.382,19.9,21.92,01a59432o0367c
59432.404661,20.721,0.482,19,9,c,0,0.85,317.31799,5.82615,7660.68,2670.47,2.84,2.61,-13.6,-0.363,19.79,21.92,01a59432o0373c
59432.439902,24.487,14.143,1,8,c,0,0.72,317.31799,5.82615,2874.1,8038.71,2.25,2.05,-73.1,-0.39,19.95,21.9,01a59432o0449c
59434.397025,20.445,0.607,24,15,o,0,0.62,317.31799,5.82615,1060.87,9979.65,2.85,1.61,-53.6,-0.508,19.65,20.93,02a59434o0355o
59434.398854,23.958,14.875,1,14,o,0,0.84,317.31799,5.82615,1080.18,10020.43,2.81,1.56,-54.7,-0.519,19.66,20.95,02a59434o0359o
59434.402058,20.228,0.466,29,14,o,0,1.05,317.31799,5.82615,1022.3,9940.16,2.61,1.6,-55.5,-0.519,19.65,20.96,02a59434o0366o
59434.437521,21.091,0.893,13,12,o,0,1.02,317.31799,5.82615,9583.21,498.66,2.45,1.66,-55.5,-0.488,19.62,21.0,02a59434o0442o
59436.388941,22.592,2.344,3,8,c,0,0.81,317.31799,5.82615,7625.05,2636.69,2.44,2.27,-69.0,-0.399,19.93,21.88,01a59436o0325c
59436.391254,21.472,0.914,9,9,c,0,0.83,317.31799,5.82615,7605.28,2598.13,2.42,2.23,-71.1,-0.396,19.93,21.87,01a59436o0330c
59436.394025,-23.046,3.182,-2,7,c,0,1.46,317.31799,5.82615,7663.61,2675.21,2.38,2.21,-69.4,-0.401,20.0,21.87,01a59436o0336c
59436.399098,21.106,0.546,13,7,c,0,1.06,317.31799,5.82615,7683.96,2558.14,2.37,2.25,-55.1,-0.402,19.93,21.87,01a59436o0347c
59438.389951,20.863,0.74,16,12,o,0,1.37,317.31799,5.82615,1058.5,9981.25,3.03,1.7,-52.8,-0.494,19.6,21.05,02a59438o0341o
59438.391783,-21.217,1.375,-12,16,o,0,0.54,317.31799,5.82615,1078.62,10021.16,2.85,1.62,-51.7,-0.519,19.67,21.05,02a59438o0345o
59438.394985,20.894,0.81,16,13,o,0,0.93,317.31799,5.82615,1021.05,9941.38,2.57,1.67,-50.9,-0.508,19.67,21.04,02a59438o0352o
59438.40002,20.83,0.857,17,14,o,0,1.08,317.31799,5.82615,1000.65,10062.96,2.93,1.74,-54.6,-0.498,19.62,21.04,02a59438o0363o
59440.384748,-22.939,3.474,-2,8,c,0,1.13,317.31799,5.82615,477.51,8872.05,2.89,2.44,-34.0,-0.378,19.76,21.81,01a59440o0334c
59440.386635,21.381,0.738,10,8,c,0,1.16,317.31799,5.82615,458.16,8833.69,2.76,2.41,-42.4,-0.391,19.76,21.82,01a59440o0338c
59440.391254,22.934,4.25,2,10,c,0,0.82,317.31799,5.82615,516.87,8911.14,3.05,2.67,-48.8,-0.421,19.71,21.82,01a59440o0348c
59440.396331,20.724,0.484,19,9,c,0,1.06,317.31799,5.82615,536.84,8793.9,3.01,2.66,-48.5,-0.385,19.68,21.82,01a59440o0359c
59442.382422,21.951,2.065,6,12,o,0,1.2,317.31799,5.82615,9377.38,10084.66,2.86,1.89,-56.9,-0.423,19.55,20.61,02a59442o0333o
59442.384253,-22.17,2.886,-5,14,o,0,1.12,317.31799,5.82615,9398.52,10123.84,3.07,1.89,-55.1,-0.422,19.57,20.62,02a59442o0337o
59442.387028,20.548,0.62,22,14,o,0,1.01,317.31799,5.82615,9339.0,10044.81,2.81,1.97,-56.0,-0.419,19.57,20.63,02a59442o0343o
59442.392997,20.98,0.962,15,14,o,0,0.91,317.31799,5.82615,9320.9,10164.9,3.07,1.9,-55.4,-0.42,19.53,20.64,02a59442o0356o
59444.354445,21.488,1.851,9,17,o,0,0.92,317.31799,5.82615,476.79,8873.67,2.14,1.73,-45.1,-0.451,19.25,19.78,01a59444o0225o
59444.375619,21.231,1.014,12,12,o,0,1.38,317.31799,5.82615,461.64,8837.31,2.19,1.77,-40.9,-0.448,19.24,19.84,01a59444o0270o
59444.378384,21.154,1.2,12,15,o,0,1.18,317.31799,5.82615,519.55,8915.2,2.27,1.85,-41.0,-0.438,19.26,19.83,01a59444o0276o
59444.387668,-22.263,2.717,-4,12,o,0,0.88,317.31799,5.82615,540.77,8798.27,2.08,1.66,-42.2,-0.451,19.33,19.83,01a59444o0296o
59446.346606,20.637,1.479,20,30,o,0,0.66,317.31799,5.82615,9374.59,10084.56,3.16,1.87,-51.3,-0.385,18.76,19.0,02a59446o0260o
59446.351779,19.861,0.653,41,27,o,0,0.9,317.31799,5.82615,9390.41,10125.72,3.06,1.92,-51.6,-0.38,18.79,19.11,02a59446o0271o
59446.354534,-21.47,3.333,-9,31,o,0,0.72,317.31799,5.82615,9331.31,10048.1,3.17,1.97,-51.8,-0.38,18.76,19.05,02a59446o0277o
59446.368503,-21.589,3.098,-8,26,o,0,1.4,317.31799,5.82615,9319.92,10165.65,2.96,1.96,-52.0,-0.386,18.77,19.03,02a59446o0307o
59450.509686,21.882,3.932,6,25,o,0,0.76,317.31799,5.82615,7722.38,4580.64,2.22,1.94,44.9,-0.417,18.73,18.99,02a59450o0440o
59450.512901,23.69,17.0,1,21,o,0,1.39,317.31799,5.82615,7703.4,4543.61,2.21,1.96,44.4,-0.422,18.67,18.97,02a59450o0447o
59450.52296,-21.878,3.436,-6,22,o,0,1.17,317.31799,5.82615,7760.99,4621.01,2.3,2.02,45.1,-0.409,18.64,18.91,02a59450o0469o
59450.528927,20.716,1.568,19,29,o,0,0.92,317.31799,5.82615,7780.96,4506.12,2.32,2.06,45.2,-0.408,18.62,18.87,02a59450o0482o
59451.439021,21.965,2.964,6,18,o,0,0.89,317.31799,5.82615,7733.58,4580.44,2.19,2.01,55.0,-0.421,19.08,19.68,02a59451o0443o
59451.461671,21.308,1.611,11,18,o,0,1.27,317.31799,5.82615,7707.47,4539.36,2.35,2.12,46.9,-0.408,18.97,19.6,02a59451o0490o
59451.472735,-20.578,0.744,-21,16,o,0,1.38,317.31799,5.82615,7764.36,4616.32,2.29,2.11,44.9,-0.416,18.97,19.55,02a59451o0514o
59451.475966,21.508,1.826,9,16,o,0,0.97,317.31799,5.82615,7782.82,4502.47,2.12,2.0,57.1,-0.425,19.02,19.53,02a59451o0521o
59452.459435,21.489,1.579,9,15,o,0,0.71,317.31799,5.82615,3836.9,1540.6,2.01,1.9,72.6,-0.433,19.4,20.07,01a59452o0515o
59452.463659,-22.494,3.608,-4,13,o,0,0.89,317.31799,5.82615,3856.99,1578.63,1.88,1.78,61.1,-0.439,19.45,20.05,01a59452o0524o
59452.487442,22.018,2.379,6,14,o,0,1.22,317.31799,5.82615,3803.9,1498.55,2.02,1.99,79.0,-0.431,19.31,19.92,01a59452o0575o
59452.494814,22.094,2.934,5,16,o,0,0.77,317.31799,5.82615,3785.39,1614.36,2.04,1.97,-36.7,-0.437,19.27,19.88,01a59452o0591o
59453.418946,23.362,6.545,2,11,o,0,1.0,317.31799,5.82615,3830.1,1548.58,1.94,1.8,36.6,-0.442,19.57,20.46,01a59453o0416o
59453.422632,21.227,0.923,12,11,o,0,0.78,317.31799,5.82615,3850.95,1587.36,2.03,1.93,39.8,-0.433,19.51,20.46,01a59453o0424o
59453.456568,21.218,0.809,12,10,o,0,1.53,317.31799,5.82615,3800.16,1501.81,1.9,1.85,37.2,-0.445,19.55,20.39,01a59453o0491o
59453.463113,-22.191,2.254,-5,11,o,0,0.8,317.31799,5.82615,3781.56,1617.86,1.92,1.85,60.6,-0.442,19.53,20.34,01a59453o0503o
59454.414432,-22.536,3.933,-4,14,o,0,0.76,317.31799,5.82615,7728.86,4576.85,2.34,2.06,45.9,-0.415,19.36,20.4,02a59454o0410o
59454.417647,21.545,1.438,9,13,o,0,1.03,317.31799,5.82615,7709.84,4538.32,2.23,2.0,55.1,-0.424,19.38,20.39,02a59454o0417o
59454.42682,-22.785,4.462,-3,12,o,0,1.18,317.31799,5.82615,7770.31,4616.01,2.21,1.98,52.4,-0.424,19.41,20.36,02a59454o0437o
59454.436886,22.411,3.486,4,14,o,0,0.6,317.31799,5.82615,7791.11,4499.98,2.29,2.01,47.6,-0.419,19.36,20.34,02a59454o0458o
59456.448257,23.007,5.0,2,11,o,0,0.72,317.31799,5.82615,881.8,6111.62,2.01,1.78,-50.2,-0.433,19.7,20.81,01a59456o0498o
59456.480084,21.898,1.444,6,9,o,0,1.34,317.31799,5.82615,910.11,6146.55,2.0,1.82,-50.9,-0.432,19.66,20.7,01a59456o0566o
59456.490935,24.025,12.0,1,11,o,0,1.14,317.31799,5.82615,848.86,6066.82,2.14,1.93,-50.4,-0.433,19.57,20.67,01a59456o0589o
59456.515193,-21.47,1.319,-9,12,o,0,0.96,317.31799,5.82615,834.23,6182.46,2.25,2.05,-51.1,-0.423,19.47,20.54,01a59456o0640o
59458.450277,15.679,1.066,1943,2072,c,0,0.78,317.31799,5.82615,8664.3,8992.32,2.79,2.76,35.8,-0.383,17.39,19.18,02a59458o0498c
59458.463685,-22.428,12.75,-4,50,c,0,0.83,317.31799,5.82615,8674.51,8877.06,2.68,2.64,78.9,-0.384,17.19,18.74,02a59458o0525c
